Link Name,Center of Mass X,Center of Mass Y,Center of Mass Z,Center of Mass Roll,Center of Mass Pitch,Center of Mass Yaw,Mass,Moment Ixx,Moment Ixy,Moment Ixz,Moment Iyy,Moment Iyz,Moment Izz,Visual X,Visual Y,Visual Z,Visual Roll,Visual Pitch,Visual Yaw,Mesh Filename,Color Red,Color Green,Color Blue,Color Alpha,Collision X,Collision Y,Collision Z,Collision Roll,Collision Pitch,Collision Yaw,Collision Mesh Filename,Material Name,SW Components,Coordinate System,Axis Name,Joint Name,Joint Type,Joint Origin X,Joint Origin Y,Joint Origin Z,Joint Origin Roll,Joint Origin Pitch,Joint Origin Yaw,Parent,Joint Axis X,Joint Axis Y,Joint Axis Z,Limit Effort,Limit Velocity,Limit Lower,Limit Upper,Calibration rising,Calibration falling,Dynamics Damping,Dynamics Friction,Safety Soft Upper,Safety Soft Lower,Safety K Position,Safety K Velocity
base_link,0.213875931722764,1.28982651333941,4.21626253513905E-05,0,0,0,8.87634111468039,0.110557558643255,-1.19373148090787E-07,-0.00645799423623176,0.124437695624475,0.000193628859141132,0.101488545979741,0,0,0,0,0,0,package://urdf总装/meshes/base_link.STL,0.647058823529412,0.619607843137255,0.588235294117647,1,0,0,0,0,0,0,package://urdf总装/meshes/base_link.STL,,扶手-1;背包简化-1;背部支撑板2-1;扶手-3;母合页-1;子合页-1;扶手电池盒-1;电池盒侧盖-2;电池盒盖-1;电池盒侧盖-1;KCLSCLF5_50_0-1/KCLSCLF5_50_0_5-1;扶手端塞左-1;KCLSCLF5_50_0-1/KCLSCLF5_50_0_3-1;HGA91_40_3-1;HGA91_40-1/HGA91_40_7-1;HGA91_40-1/HGA91_40_5-1;扶手端塞右-1;XAF72_L160_D10-1;支撑支架-1;U型固定座-2;U型固定座-3;加强筋固定板-1;加强筋-8;背包固定板-2;加强筋-1;髋辅助固定座-1;XAF72_L160_D10-2;U型固定座-4;加强筋-9;加强筋-5;加强筋固定板-2;扶手支撑柱-1;扶手支撑柱-2;扶手支撑柱-3;髋固定座-1,Origin_global,,,,0,0,0,0,0,0,,0,0,0,,,,,,,,,,,,
R1,-0.000492017705620296,-0.00454837009819808,-0.0190934521955811,0,0,0,1.79853623923795,0.00268978056216343,-4.84264180343E-07,3.27853101972315E-06,0.00278489041924414,4.70691139772139E-05,0.0038877216534345,0,0,0,0,0,0,package://urdf总装/meshes/R1.STL,0.792156862745098,0.819607843137255,0.933333333333333,1,0,0,0,0,0,0,package://urdf总装/meshes/R1.STL,,3242501-000000-002 RJSIIZ-25关节组件型-RevB4（SIAT）-4/RDM2-POWER HW_V1.1-简化-1/RDM2-MOSET HW_V1.1-简化-1;3242501-000000-002 RJSIIZ-25关节组件型-RevB4（SIAT）-4/电源3_霍尔传感器5_抱闸2^3242501-000000-002 RJSIIZ-25关节组件型-RevB1-简化-1;3242501-000000-002 RJSIIZ-25关节组件型-RevB4（SIAT）-4/3212501-000000-108 六角钢柱 M3x14+6-RevA1-1;3242501-000000-002 RJSIIZ-25关节组件型-RevB4（SIAT）-4/3211701-000000-119 RJS17-II六角钢柱M3x6+3-RevA1-2;3242501-000000-002 RJSIIZ-25关节组件型-RevB4（SIAT）-4/3242501-000000-101 RJSII-25关节组件型前端盖-RevB1（SIAT）-1;3242501-000000-002 RJSIIZ-25关节组件型-RevB4（SIAT）-4/3211701-000000-125 六角钢柱 M3x6+5-RevA1-2;3242501-000000-002 RJSIIZ-25关节组件型-RevB4（SIAT）-4/GB／T70．1-2000内六角圆柱头螺钉M3×5-1;3242501-000000-002 RJSIIZ-25关节组件型-RevB4（SIAT）-4/3212501-000000-103 RJS25-II关节L型刹车防尘罩-RevA4-1;3242501-000000-002 RJSIIZ-25关节组件型-RevB4（SIAT）-4/RDM2-POWER HW_V1.1-简化-1/RDM2-DRIVE HW_V1.1-简化-1;3242501-000000-002 RJSIIZ-25关节组件型-RevB4（SIAT）-4/3213201-000000-108 RJS32-II编码器支架-RevA3-1;3242501-000000-002 RJSIIZ-25关节组件型-RevB4（SIAT）-4/RDM2-MAIN HW_V1.0-简化-1;deep groove ball bearings gb-10;3242501-000000-002 RJSIIZ-25关节组件型-RevB4（SIAT）-4/3242501-000000-102 RJSII-25关节组件型外壳-RevB1（SIAT）-3;3242501-000000-002 RJSIIZ-25关节组件型-RevB4（SIAT）-4/LHSG-25-CL-III 谐波减速器-RevB3-1/LHSG-25-XXX-P06-CL-III-1;110驱动辅助髋支架-2;圆形支柱内外螺纹-9;90驱动髋支座-3;圆柱连接杆-4;90驱动辅助髋支座-4;圆形支柱内外螺纹-10;20系列罩壳3-2;20关节组件型(SIAT)-11/3242001-000000-101 RJSII-20关节组件型外壳-RevB1-1;20关节组件型(SIAT)-11/3212001-000000-103 RJSII-20L防尘罩-RevA1-1;20关节组件型(SIAT)-11/LHSG-20-CL-III 谐波减速器-RevB2-1/LHSG-20-XXX-P06-CL-III-B1-1;20关节组件型(SIAT)-11/LHSG-20-CL-III 谐波减速器-RevB2-1/LHSG-20-XXX-P02-CL-III-1;20关节组件型(SIAT)-11/芯轴3242001-000000-102 RJSII-20关节组件型前端盖-RevB1（SIAT）-1;端盖输出杆5-2;支撑套-5;支撑套-6;支撑套-8;圆形支柱内外螺纹-12;圆形支柱内外螺纹-11;支撑套-7;20关节组件型(SIAT)-11/LHSG-20-CL-III 谐波减速器-RevB2-1/LHSG-20-XXX-P01-CL-III-1,Origin_r1,基准轴1,r1,fixed,-0.33652,-0.109,0.97992,-1.5708,-0.0015844,1.5708,base_link,0,0,0,,,,,,,,,,,,
R2,-0.27419,-0.24223,-0.070565,0,0,0,2.8351,0.0065519,-0.00020065,-8.089E-06,0.0043801,-8.243E-07,0.0071153,0,0,0,0,0,0,package://urdf总装/meshes/R2.STL,0.20392,0.20392,0.20392,1,0,0,0,0,0,0,package://urdf总装/meshes/R2.STL,,端盖输出杆4-2;髋连杆1-2;_SCLBR12-10.0_D-3;髋连杆2-2;髋连杆5-2;髋连杆4-3;髋连杆3-2;圆柱支撑杆1-4;圆柱支撑杆1-5;圆柱支撑杆1-6;圆柱支撑杆2-3;圆柱支撑杆2-4;110驱动辅助支座-2;110驱动支座-2;3242501-000000-002 RJSIIZ-25关节组件型-RevB4（SIAT）-5/3242501-000000-102 RJSII-25关节组件型外壳-RevB1（SIAT）-3;3242501-000000-002 RJSIIZ-25关节组件型-RevB4（SIAT）-5/3242501-000000-101 RJSII-25关节组件型前端盖-RevB1（SIAT）-1;3242501-000000-002 RJSIIZ-25关节组件型-RevB4（SIAT）-5/LHSG-25-CL-III 谐波减速器-RevB3-1/LHSG-25-XXX-P02-CL-III-1;3242501-000000-002 RJSIIZ-25关节组件型-RevB4（SIAT）-5/LHSG-25-CL-III 谐波减速器-RevB3-1/LHSG-25-XXX-P01-CL-III-1;3242501-000000-002 RJSIIZ-25关节组件型-RevB4（SIAT）-5/LHSG-25-CL-III 谐波减速器-RevB3-1/LHSG-25-XXX-P06-CL-III-1;3242501-000000-002 RJSIIZ-25关节组件型-RevB4（SIAT）-5/LHSG-25-CL-III 谐波减速器-RevB3-1/LHSG-25-XXX-P04-CL-III-1;25系列罩壳2-2,Origin_r2,基准轴02,r2,fixed,0.14012,-0.076278,0.076476,1.5708,0,0.0015844,R1,0,0,0,,,,,,,,,,,,
R3,0.00560501499563576,-0.0257671948189319,0.128540828395766,0,0,0,1.19109271463393,0.0042823052355548,4.99228443605906E-05,5.86262324331013E-05,0.00459583243083845,3.37933690020186E-06,0.00246040769785981,0,0,0,0,0,0,package://urdf总装/meshes/R3.STL,0.203921568627451,0.203921568627451,0.203921568627451,1,0,0,0,0,0,0,package://urdf总装/meshes/R3.STL,,大腿辅助连杆2-2;3242501-000000-002 RJSIIZ-25关节组件型-RevB4（SIAT）-6/LHSG-25-CL-III 谐波减速器-RevB3-1/LHSG-25-XXX-P04-CL-III-1;3242501-000000-002 RJSIIZ-25关节组件型-RevB4（SIAT）-6/LHSG-25-CL-III 谐波减速器-RevB3-1/LHSG-25-XXX-P02-CL-III-1;3242501-000000-002 RJSIIZ-25关节组件型-RevB4（SIAT）-6/3242501-000000-101 RJSII-25关节组件型前端盖-RevB1（SIAT）-1;3242501-000000-002 RJSIIZ-25关节组件型-RevB4（SIAT）-6/3242501-000000-102 RJSII-25关节组件型外壳-RevB1（SIAT）-3;25系列罩壳1-3;3242501-000000-002 RJSIIZ-25关节组件型-RevB4（SIAT）-6/LHSG-25-CL-III 谐波减速器-RevB3-1/LHSG-25-XXX-P06-CL-III-1;3242501-000000-002 RJSIIZ-25关节组件型-RevB4（SIAT）-6/LHSG-25-CL-III 谐波减速器-RevB3-1/LHSG-25-XXX-P01-CL-III-1;大腿U形支撑板-2;大腿绑缚支架-2,Origin_r3,基准轴3,r3,fixed,-0.2325,-0.359,-0.1665,3.1416,0,1.5708,R2,0,0,0,,,,,,,,,,,,
R4,0.338085744520092,-0.00229270308591182,-0.038424469529092,0,0,0,2.28069920189181,0.00274240197275921,7.89718804215029E-05,-0.000857973103759261,0.0197810866526203,4.19520766167103E-06,0.0198696018573605,0,0,0,0,0,0,package://urdf总装/meshes/R4.STL,0.203921568627451,0.203921568627451,0.203921568627451,1,0,0,0,0,0,0,package://urdf总装/meshes/R4.STL,,大腿辅助连杆1-2;20系列罩壳2-2;90驱动支座-2;90轴承垫圈-2;20关节组件型(SIAT)-9/3242001-000000-101 RJSII-20关节组件型外壳-RevB1-1;20关节组件型(SIAT)-9/LHSG-20-CL-III 谐波减速器-RevB2-1/LHSG-20-XXX-P02-CL-III-1;90轴承端盖-2;20系列罩壳M1-M12-1;小腿连杆-2;小腿支撑板-2;小腿挡板支架-3;小腿挡板连接块-2;小腿挡板支座-2;_IPCX6ergf-2,Origin_r4,基准轴4,r4,fixed,0,-0.0845,0.09,1.5708,-1.5708,0,R3,0,0,0,,,,,,,,,,,,
R5,0.408193788191964,0.0448897455093096,-0.0537683280174849,0,0,0,2.75166046072631,0.0184075540245669,-0.000118288496211721,-1.10006243252265E-05,0.0120270248658635,-0.00199554520466322,0.00918585074137699,0,0,0,0,0,0,package://urdf总装/meshes/R5.STL,0.203921568627451,0.203921568627451,0.203921568627451,1,0,0,0,0,0,0,package://urdf总装/meshes/R5.STL,,圆柱连杆1-2;一字轴8mm支座2-6;端盖输出杆2-2;十字轴8mm支座1-4;十字轴12mm支座-3;十字轴8mm支座2-4;踝关节固定座-2;六维力脚底板上-2;37153-00-2/37151-00_ASM_144_ASM_1_ASM-1/37151-10_ASM_138_ASM_1_ASM-1/37151-15_193_1-1;六维力脚底板下-2;std_支具环扣VT3-11;std_支具环扣VT3-10;弧形绑缚件-2;std_支具环扣VT3-8;std_支具环扣VT3-9;L形绑缚件-8;十字轴12mm支座-4;十字轴12mm-2;十字轴8mm-4;L形绑缚件-11;L形绑缚件-10,Origin_r5,基准轴5,r5,fixed,0.325,0.075,-0.0495,-1.211,0,0,R4,0,0,0,,,,,,,,,,,,
R6,0.330718186252251,0.128064547930567,-0.0539496219746847,0,0,0,2.58090518646188,0.0183263786534029,-0.000118859647073424,2.79500928642449E-05,0.00976561530231081,-0.00238236161080311,0.00981090668830275,0,0,0,0,0,0,package://urdf总装/meshes/R6.STL,0.203921568627451,0.203921568627451,0.203921568627451,1,0,0,0,0,0,0,package://urdf总装/meshes/R6.STL,,圆柱连杆2-3;端盖输出杆1-2;一字轴8mm支座1-2;一字轴8mm支座3-2;十字轴8mm支座1-5;十字轴8mm支座2-5;十字轴8mm-5;踝关节固定座-2;六维力脚底板上-2;弧形绑缚件-2;std_支具环扣VT3-10;六维力脚底板下-2;37153-00-2/37151-00_ASM_144_ASM_1_ASM-1/37151-10_ASM_138_ASM_1_ASM-1/37151-15_193_1-1;std_支具环扣VT3-11;L形绑缚件-10;std_支具环扣VT3-8;std_支具环扣VT3-9;L形绑缚件-11,Origin_r6,基准轴6,r6,fixed,0.415,0,0.0255,-0.90009,0,0,R4,0,0,0,,,,,,,,,,,,
L1,-0.00210255740769412,0.0028460129188308,-0.0237129117558525,0,0,0,1.74210222150242,0.00261998182228154,-4.72466117243394E-07,2.08718395728205E-06,0.00270907580636372,-4.54572032731064E-05,0.00390944109060669,0,0,0,0,0,0,package://urdf总装/meshes/L1.STL,0.792156862745098,0.819607843137255,0.933333333333333,1,0,0,0,0,0,0,package://urdf总装/meshes/L1.STL,,3242501-000000-002 RJSIIZ-25关节组件型-RevB4（SIAT）-3/RDM2-POWER HW_V1.1-简化-1/RDM2-DRIVE HW_V1.1-简化-1;3242501-000000-002 RJSIIZ-25关节组件型-RevB4（SIAT）-3/3212501-000000-103 RJS25-II关节L型刹车防尘罩-RevA4-1;3242501-000000-002 RJSIIZ-25关节组件型-RevB4（SIAT）-3/RDM2-MAIN HW_V1.0-简化-1;3242501-000000-002 RJSIIZ-25关节组件型-RevB4（SIAT）-3/3213201-000000-108 RJS32-II编码器支架-RevA3-1;3242501-000000-002 RJSIIZ-25关节组件型-RevB4（SIAT）-3/RDM2-POWER HW_V1.1-简化-1/RDM2-MOSET HW_V1.1-简化-1;3242501-000000-002 RJSIIZ-25关节组件型-RevB4（SIAT）-3/3242501-000000-102 RJSII-25关节组件型外壳-RevB1（SIAT）-3;3242501-000000-002 RJSIIZ-25关节组件型-RevB4（SIAT）-3/LHSG-25-CL-III 谐波减速器-RevB3-1/LHSG-25-XXX-P06-CL-III-1;3242501-000000-002 RJSIIZ-25关节组件型-RevB4（SIAT）-3/3242501-000000-101 RJSII-25关节组件型前端盖-RevB1（SIAT）-1;端盖输出杆5-1;支撑套-3;圆形支柱内外螺纹-7;圆形支柱内外螺纹-6;支撑套-2;110驱动辅助髋支架-1;90驱动髋支座-2;20系列罩壳3-1;90驱动辅助髋支座-3;圆形支柱内外螺纹-8;圆柱连接杆-3;deep groove ball bearings gb-3;3242501-000000-002 RJSIIZ-25关节组件型-RevB4（SIAT）-3/LHSG-25-CL-III 谐波减速器-RevB3-1/LHSG-25-XXX-P02-CL-III-1;20关节组件型(SIAT)-8/3242001-000000-101 RJSII-20关节组件型外壳-RevB1-1;20关节组件型(SIAT)-8/3212001-000000-103 RJSII-20L防尘罩-RevA1-1;20关节组件型(SIAT)-8/LHSG-20-CL-III 谐波减速器-RevB2-1/LHSG-20-XXX-P06-CL-III-B1-1;20关节组件型(SIAT)-8/芯轴3242001-000000-102 RJSII-20关节组件型前端盖-RevB1（SIAT）-1;20关节组件型(SIAT)-8/LHSG-20-CL-III 谐波减速器-RevB2-1/LHSG-20-XXX-P02-CL-III-1,Origin_l1,基准轴7,l1,fixed,-0.34075,0.109,0.97992,1.5708,0.0015844,-1.5708,base_link,0,0,0,,,,,,,,,,,,
L2,0.134529805154931,-0.249698252548267,-0.0659927686803117,0,0,0,3.41667191752831,0.00777120076860348,0.000198045639786329,8.08904862404964E-06,0.00500229181500949,6.78262030569325E-07,0.00774681783379931,0,0,0,0,0,0,package://urdf总装/meshes/L2.STL,0.203921568627451,0.203921568627451,0.203921568627451,1,0,0,0,0,0,0,package://urdf总装/meshes/L2.STL,,端盖输出杆4-1;髋连杆1-1;_SCLBR12-10.0_D-2;_SCLBR12-10.0_D-1;angular contact ball bearings gb-22;angular contact ball bearings gb-21;髋连杆2-1;angular contact ball bearings gb-15;髋连杆3-1;髋连杆5-1;髋连杆4-2;圆柱支撑杆1-3;圆柱支撑杆1-1;圆柱支撑杆1-2;圆柱支撑杆2-2;圆柱支撑杆2-1;angular contact ball bearings gb-19;deep groove ball bearings gb-7;angular contact ball bearings gb-9;angular contact ball bearings gb-5;angular contact ball bearings gb-8;circlips for holes--type a gb-22;angular contact ball bearings gb-16;25系列罩壳2-1;110驱动辅助支座-1;deep groove ball bearings gb-4;3242501-000000-002 RJSIIZ-25关节组件型-RevB4（SIAT）-2/LHSG-25-CL-III 谐波减速器-RevB3-1/LHSG-25-XXX-P06-CL-III-1;3242501-000000-002 RJSIIZ-25关节组件型-RevB4（SIAT）-2/LHSG-25-CL-III 谐波减速器-RevB3-1/LHSG-25-XXX-P01-CL-III-1;3242501-000000-002 RJSIIZ-25关节组件型-RevB4（SIAT）-2/LHSG-25-CL-III 谐波减速器-RevB3-1/LHSG-25-XXX-P04-CL-III-1;3242501-000000-002 RJSIIZ-25关节组件型-RevB4（SIAT）-2/3242501-000000-102 RJSII-25关节组件型外壳-RevB1（SIAT）-3;3242501-000000-002 RJSIIZ-25关节组件型-RevB4（SIAT）-2/3242501-000000-101 RJSII-25关节组件型前端盖-RevB1（SIAT）-1;3242501-000000-002 RJSIIZ-25关节组件型-RevB4（SIAT）-2/LHSG-25-CL-III 谐波减速器-RevB3-1/LHSG-25-XXX-P02-CL-III-1;110驱动支座-1;限位支撑套-1;hexagon socket head cap screws gb-36,Origin_l2,基准轴08,l2,fixed,-0.00012115,0.0765,0.072249,1.5708,0,-3.14,L1,0,0,0,,,,,,,,,,,,
L3,0.00722445766734845,-0.0492217524723706,0.128265362316897,0,0,0,1.1960526821349,0.00428858575723759,-4.82495300253146E-05,5.3788634014655E-05,0.00460572439693911,-2.93160963889222E-06,0.00246404130353866,0,0,0,0,0,0,package://urdf总装/meshes/L3.STL,0.203921568627451,0.203921568627451,0.203921568627451,1,0,0,0,0,0,0,package://urdf总装/meshes/L3.STL,,大腿辅助连杆2-1;25系列罩壳1-2;3242501-000000-002 RJSIIZ-25关节组件型-RevB4（SIAT）-1/3242501-000000-102 RJSII-25关节组件型外壳-RevB1（SIAT）-3;3242501-000000-002 RJSIIZ-25关节组件型-RevB4（SIAT）-1/LHSG-25-CL-III 谐波减速器-RevB3-1/LHSG-25-XXX-P04-CL-III-1;3242501-000000-002 RJSIIZ-25关节组件型-RevB4（SIAT）-1/LHSG-25-CL-III 谐波减速器-RevB3-1/LHSG-25-XXX-P02-CL-III-1;3242501-000000-002 RJSIIZ-25关节组件型-RevB4（SIAT）-1/3242501-000000-101 RJSII-25关节组件型前端盖-RevB1（SIAT）-1;3242501-000000-002 RJSIIZ-25关节组件型-RevB4（SIAT）-1/LHSG-25-CL-III 谐波减速器-RevB3-1/15Z-84945-1;3242501-000000-002 RJSIIZ-25关节组件型-RevB4（SIAT）-1/LHSG-25-CL-III 谐波减速器-RevB3-1/LHSG-25-XXX-P01-CL-III-1;3242501-000000-002 RJSIIZ-25关节组件型-RevB4（SIAT）-1/LHSG-25-CL-III 谐波减速器-RevB3-1/LHSG-25-XXX-P06-CL-III-1;大腿U形支撑板-1;大腿绑缚支架-1,Origin_l3,基准轴9,l3,fixed,0.1675,-0.36022,-0.16649,3.1416,0.013564,1.5708,L2,0,0,0,,,,,,,,,,,,
L4,0.33725993498987,0.00383467012869282,-0.036339994507368,0,0,0,2.30044481261124,0.00277117570380832,-0.000253794988793992,-0.000856603816747415,0.019802432503259,-1.35137943606894E-05,0.0199224269154113,0,0,0,0,0,0,package://urdf总装/meshes/L4.STL,0.203921568627451,0.203921568627451,0.203921568627451,1,0,0,0,0,0,0,package://urdf总装/meshes/L4.STL,,大腿辅助连杆1-1;20系列罩壳2-1;20关节组件型(SIAT)-7/3242001-000000-101 RJSII-20关节组件型外壳-RevB1-1;90轴承垫圈-1;90轴承端盖-1;circlips for shaft--type b gb-1;90驱动支座-1;小腿连杆-1;20系列罩壳M1-M12-2;小腿支撑板-1;小腿挡板支架-2;小腿挡板支座-1;_IPCX6ergf-1;小腿挡板连接块-1;CRKB4_6-1,Origin_l4,基准轴10,l4,fixed,0,0.0095,0.09,1.5708,-1.5708,0,L3,0,0,0,,,,,,,,,,,,
L5,0.0433641689755956,-0.477418541164238,0.0646630437123674,0,0,0,2.63452067148198,0.00817665541720397,5.19107810893701E-05,-0.000564390358997722,0.0183590739915058,0.00010679170661847,0.0129444297415646,0,0,0,0,0,0,package://urdf总装/meshes/L5.STL,0.203921568627451,0.203921568627451,0.203921568627451,1,0,0,0,0,0,0,package://urdf总装/meshes/L5.STL,,端盖输出杆2-1;一字轴8mm支座2-5;圆柱连杆1-1;十字轴8mm支座1-1;十字轴8mm-1;十字轴8mm支座2-2;踝关节固定座-1;六维力脚底板上-1;std_支具环扣VT3-1;弧形绑缚件-1;L形绑缚件-6;std_支具环扣VT3-6;std_支具环扣VT3-7;L形绑缚件-7;L形绑缚件-5;std_支具环扣VT3-5;L形绑缚件-1;六维力脚底板下-1;IMU-5;37153-00-1/37151-00_ASM_144_ASM_1_ASM-1/37151-10_ASM_138_ASM_1_ASM-1/37151-15_193_1-1,Origin_l5,基准轴11,l5,fixed,0.26,0,-0.047861,-3.1416,0,-1.5572,L4,0,0,0,,,,,,,,,,,,
L6,0.328646379221911,0.03736319351561,0.133048819090232,0,0,0,2.48766209060078,0.0181911781966525,-5.1991876925943E-05,-0.000110326517362876,0.00740102207580267,-0.00056380892809529,0.0120313369350626,0,0,0,0,0,0,package://urdf总装/meshes/L6.STL,0.203921568627451,0.203921568627451,0.203921568627451,1,0,0,0,0,0,0,package://urdf总装/meshes/L6.STL,,圆柱连杆2-2;端盖输出杆1-1;一字轴8mm支座1-1;一字轴8mm支座3-1;一字轴8mm支座3端盖-1;十字轴8mm支座1-3;十字轴8mm支座2-3;踝关节固定座-1;十字轴8mm-3;L形绑缚件-1;六维力脚底板下-1;六维力脚底板上-1;弧形绑缚件-1;std_支具环扣VT3-1;std_支具环扣VT3-5;std_支具环扣VT3-7;L形绑缚件-7;L形绑缚件-6;std_支具环扣VT3-6;L形绑缚件-5,Origin_l6,基准轴12,l6,fixed,0.41499,0.0021023,0.027139,3.1416,0,0.013564,L4,0,0,0,,,,,,,,,,,,
